{
	"song": {
		"player1": "bf",
		"gfVersion": "gf",
		"notes": [
			{
				"sectionBeats": 4,
				"sectionNotes": [
					[
						0,
						6,
						0
					],
					[
						83.3333333333333,
						4,
						0
					],
					[
						166.666666666667,
						6,
						0
					],
					[
						333.333333333333,
						6,
						0
					],
					[
						416.666666666667,
						4,
						0
					],
					[
						500,
						6,
						0
					],
					[
						666.666666666667,
						6,
						0
					],
					[
						750,
						4,
						0
					],
					[
						833.333333333333,
						6,
						0
					],
					[
						1000,
						6,
						250
					]
				],
				"typeOfSection": 0,
				"gfSection": false,
				"altAnim": false,
				"mustHitSection": true,
				"changeBPM": true,
				"bpm": 150
			},
			{
				"sectionBeats": 4,
				"sectionNotes": [
					[
						1333.33333333333,
						6,
						83.3333333333333
					],
					[
						1500,
						4,
						0
					],
					[
						1666.66666666667,
						7,
						0
					],
					[
						1833.33333333333,
						6,
						83.3333333333333
					],
					[
						2000,
						6,
						250
					],
					[
						2333.33333333333,
						5,
						0
					],
					[
						2416.66666666667,
						6,
						0
					],
					[
						2500,
						7,
						0
					],
					[
						2583.33333333333,
						6,
						0
					]
				],
				"typeOfSection": 0,
				"gfSection": false,
				"altAnim": false,
				"mustHitSection": true,
				"changeBPM": false,
				"bpm": 150
			},
			{
				"sectionBeats": 4,
				"sectionNotes": [
					[
						2666.66666666667,
						6,
						83.3333333333333
					],
					[
						2833.33333333333,
						6,
						0
					],
					[
						3000,
						4,
						0
					],
					[
						3083.33333333333,
						7,
						0
					],
					[
						3166.66666666667,
						4,
						0
					],
					[
						3333.33333333333,
						6,
						83.3333333333333
					],
					[
						3500,
						4,
						0
					],
					[
						3666.66666666667,
						6,
						250
					]
				],
				"typeOfSection": 0,
				"gfSection": false,
				"altAnim": false,
				"mustHitSection": true,
				"changeBPM": false,
				"bpm": 150
			},
			{
				"sectionBeats": 4,
				"sectionNotes": [
					[
						4000,
						6,
						83.3333333333333
					],
					[
						4166.66666666667,
						4,
						0
					],
					[
						4333.33333333333,
						4,
						0
					],
					[
						4416.66666666667,
						7,
						0
					],
					[
						4543.75,
						4,
						0
					],
					[
						4666.66666666667,
						6,
						250
					],
					[
						5000,
						6,
						0
					],
					[
						5166.66666666667,
						4,
						0
					],
					[
						5250,
						7,
						0
					]
				],
				"typeOfSection": 0,
				"gfSection": false,
				"altAnim": false,
				"mustHitSection": true,
				"changeBPM": false,
				"bpm": 180
			},
			{
				"sectionBeats": 4,
				"sectionNotes": [
					[
						5333.33333333333,
						2,
						0
					],
					[
						5416.66666666667,
						0,
						0
					],
					[
						5500,
						2,
						0
					],
					[
						5666.66666666667,
						2,
						0
					],
					[
						5750,
						0,
						0
					],
					[
						5833.33333333333,
						2,
						0
					],
					[
						6000,
						2,
						0
					],
					[
						6083.33333333333,
						0,
						0
					],
					[
						6166.66666666667,
						2,
						0
					],
					[
						6333.33333333333,
						2,
						250
					]
				],
				"typeOfSection": 0,
				"gfSection": false,
				"altAnim": false,
				"mustHitSection": true,
				"changeBPM": false,
				"bpm": 180
			},
			{
				"sectionBeats": 4,
				"sectionNotes": [
					[
						6666.66666666667,
						2,
						0
					],
					[
						7000,
						3,
						0
					],
					[
						7125,
						2,
						83.3333333333333
					],
					[
						7333.33333333333,
						2,
						250
					],
					[
						7666.66666666667,
						1,
						0
					],
					[
						7750,
						2,
						0
					],
					[
						7833.33333333333,
						3,
						0
					],
					[
						7916.66666666667,
						2,
						0
					],
					[
						6833.33333333333,
						0,
						83.3333333333333
					],
					[
						9400,
						0,
						0
					],
					[
						9500,
						2,
						0
					]
				],
				"typeOfSection": 0,
				"gfSection": false,
				"altAnim": false,
				"mustHitSection": true,
				"changeBPM": false,
				"bpm": 180
			},
			{
				"sectionBeats": 4,
				"sectionNotes": [
					[
						8000,
						2,
						83.3333333333333
					],
					[
						8166.66666666667,
						2,
						0
					],
					[
						8333.33333333333,
						0,
						0
					],
					[
						8416.66666666667,
						3,
						0
					],
					[
						8500,
						0,
						0
					],
					[
						8666.66666666667,
						2,
						83.3333333333333
					],
					[
						8833.33333333333,
						0,
						0
					],
					[
						9000,
						2,
						250
					],
					[
						9650,
						2,
						100
					],
					[
						10000,
						2,
						200
					],
					[
						9875,
						0,
						0
					],
					[
						10332.5,
						0,
						0
					],
					[
						10460,
						3,
						0
					],
					[
						10600,
						6,
						1400
					],
					[
						10700,
						7,
						1300
					]
				],
				"typeOfSection": 0,
				"gfSection": false,
				"altAnim": false,
				"mustHitSection": true,
				"changeBPM": false,
				"bpm": 180
			},
			{
				"sectionBeats": 4,
				"sectionNotes": [
					[
						11400,
						4,
						600
					],
					[
						11700,
						5,
						300
					]
				],
				"typeOfSection": 0,
				"gfSection": false,
				"altAnim": false,
				"mustHitSection": true,
				"changeBPM": false,
				"bpm": 180
			},
			{
				"sectionBeats": 4,
				"sectionNotes": [],
				"typeOfSection": 0,
				"gfSection": false,
				"altAnim": false,
				"mustHitSection": true,
				"changeBPM": false,
				"bpm": 180
			},
			{
				"sectionBeats": 4,
				"sectionNotes": [],
				"typeOfSection": 0,
				"gfSection": false,
				"altAnim": false,
				"mustHitSection": true,
				"changeBPM": false,
				"bpm": 180
			},
			{
				"sectionBeats": 4,
				"sectionNotes": [],
				"typeOfSection": 0,
				"gfSection": false,
				"altAnim": false,
				"mustHitSection": true,
				"changeBPM": false,
				"bpm": 180
			},
			{
				"sectionBeats": 4,
				"sectionNotes": [],
				"typeOfSection": 0,
				"gfSection": false,
				"altAnim": false,
				"mustHitSection": true,
				"changeBPM": false,
				"bpm": 180
			},
			{
				"sectionBeats": 4,
				"sectionNotes": [],
				"typeOfSection": 0,
				"gfSection": false,
				"altAnim": false,
				"mustHitSection": true,
				"changeBPM": false,
				"bpm": 180
			},
			{
				"sectionBeats": 4,
				"sectionNotes": [],
				"typeOfSection": 0,
				"gfSection": false,
				"altAnim": false,
				"mustHitSection": true,
				"changeBPM": false,
				"bpm": 180
			},
			{
				"sectionBeats": 4,
				"sectionNotes": [],
				"typeOfSection": 0,
				"gfSection": false,
				"altAnim": false,
				"mustHitSection": true,
				"changeBPM": false,
				"bpm": 180
			},
			{
				"sectionBeats": 4,
				"sectionNotes": [],
				"typeOfSection": 0,
				"gfSection": false,
				"altAnim": false,
				"mustHitSection": true,
				"changeBPM": false,
				"bpm": 180
			},
			{
				"sectionBeats": 4,
				"sectionNotes": [],
				"typeOfSection": 0,
				"gfSection": false,
				"altAnim": false,
				"mustHitSection": true,
				"changeBPM": false,
				"bpm": 180
			},
			{
				"sectionBeats": 4,
				"sectionNotes": [],
				"typeOfSection": 0,
				"gfSection": false,
				"altAnim": false,
				"mustHitSection": true,
				"changeBPM": false,
				"bpm": 180
			},
			{
				"sectionBeats": 4,
				"sectionNotes": [],
				"typeOfSection": 0,
				"gfSection": false,
				"altAnim": false,
				"mustHitSection": true,
				"changeBPM": false,
				"bpm": 180
			},
			{
				"sectionBeats": 4,
				"sectionNotes": [],
				"typeOfSection": 0,
				"gfSection": false,
				"altAnim": false,
				"mustHitSection": true,
				"changeBPM": false,
				"bpm": 180
			},
			{
				"typeOfSection": 0,
				"sectionNotes": [],
				"sectionBeats": 4,